District Code,District Name(In English),State Code,State Name (In English),Census 2001 Code,Census 2011 Code
603,NICOBARS,35,ANDAMAN AND NICOBAR ISLANDS,02,638
632,NORTH AND MIDDLE ANDAMAN,35,ANDAMAN AND NICOBAR ISLANDS,,639
602,SOUTH ANDAMANS,35,ANDAMAN AND NICOBAR ISLANDS,01,640
502,ANANTAPUR,28,ANDHRA PRADESH,22,553
503,CHITTOOR,28,ANDHRA PRADESH,23,554
505,EAST GODAVARI,28,ANDHRA PRADESH,14,545
506,GUNTUR,28,ANDHRA PRADESH,17,548
510,KRISHNA,28,ANDHRA PRADESH,16,547
511,KURNOOL,28,ANDHRA PRADESH,21,552
517,PRAKASAM,28,ANDHRA PRADESH,18,549
515,SPSR NELLORE,28,ANDHRA PRADESH,19,550
519,SRIKAKULAM,28,ANDHRA PRADESH,11,542
520,VISAKHAPATANAM,28,ANDHRA PRADESH,13,544
521,VIZIANAGARAM,28,ANDHRA PRADESH,12,543
523,WEST GODAVARI,28,ANDHRA PRADESH,15,546
504,Y.S.R.,28,ANDHRA PRADESH,20,551
628,ANJAW,12,ARUNACHAL PRADESH,,260
229,CHANGLANG,12,ARUNACHAL PRADESH,12,253
230,DIBANG VALLEY,12,ARUNACHAL PRADESH,10,257
231,EAST KAMENG,12,ARUNACHAL PRADESH,03,247
232,EAST SIANG,12,ARUNACHAL PRADESH,08,251
718,KAMLE,12,ARUNACHAL PRADESH,,000
677,KRA DAADI,12,ARUNACHAL PRADESH,,000
233,KURUNG KUMEY,12,ARUNACHAL PRADESH,14,256
724,LEPARADA,12,ARUNACHAL PRADESH,,000
234,LOHIT,12,ARUNACHAL PRADESH,11,259
666,LONGDING,12,ARUNACHAL PRADESH,,000
235,LOWER DIBANG VALLEY,12,ARUNACHAL PRADESH,15,258
719,LOWER SIANG,12,ARUNACHAL PRADESH,,000
236,LOWER SUBANSIRI,12,ARUNACHAL PRADESH,05,255
678,NAMSAI,12,ARUNACHAL PRADESH,,000
723,PAKKE KESSANG,12,ARUNACHAL PRADESH,,000
237,PAPUM PARE,12,ARUNACHAL PRADESH,04,248
725,SHI YOMI,12,ARUNACHAL PRADESH,,000
679,SIANG,12,ARUNACHAL PRADESH,,000
238,TAWANG,12,ARUNACHAL PRADESH,01,245
239,TIRAP,12,ARUNACHAL PRADESH,13,254
240,UPPER SIANG,12,ARUNACHAL PRADESH,09,252
241,UPPER SUBANSIRI,12,ARUNACHAL PRADESH,06,249
242,WEST KAMENG,12,ARUNACHAL PRADESH,02,246
243,WEST SIANG,12,ARUNACHAL PRADESH,07,250
616,BAKSA,18,ASSAM,,324
280,BARPETA,18,ASSAM,05,303
705,Biswanath,18,ASSAM,,000
281,BONGAIGAON,18,ASSAM,04,319
282,CACHAR,18,ASSAM,21,316
708,CHARAIDEO,18,ASSAM,,000
612,CHIRANG,18,ASSAM,,320
283,DARRANG,18,ASSAM,08,325
284,DHEMAJI,18,ASSAM,13,308
285,DHUBRI,18,ASSAM,02,301
286,DIBRUGARH,18,ASSAM,15,310
299,DIMA HASAO,18,ASSAM,20,315
287,GOALPARA,18,ASSAM,03,302
288,GOLAGHAT,18,ASSAM,18,313
289,HAILAKANDI,18,ASSAM,23,318
709,HOJAI,18,ASSAM,,000
290,JORHAT,18,ASSAM,17,312
291,KAMRUP,18,ASSAM,06,321
618,KAMRUP METRO,18,ASSAM,,322
292,KARBI ANGLONG,18,ASSAM,19,314
293,KARIMGANJ,18,ASSAM,22,317
294,KOKRAJHAR,18,ASSAM,01,300
295,LAKHIMPUR,18,ASSAM,12,307
706,MAJULI,18,ASSAM,,000
296,MARIGAON,18,ASSAM,09,304
297,NAGAON,18,ASSAM,10,305
298,NALBARI,18,ASSAM,07,323
300,SIVASAGAR,18,ASSAM,16,311
301,SONITPUR,18,ASSAM,11,306
707,SOUTH SALMARA MANCACHAR,18,ASSAM,,000
302,TINSUKIA,18,ASSAM,14,309
617,UDALGURI,18,ASSAM,,326
710,WEST KARBI ANGLONG,18,ASSAM,,000
188,ARARIA,10,BIHAR,07,209
611,ARWAL,10,BIHAR,33,240
189,AURANGABAD,10,BIHAR,34,235
190,BANKA,10,BIHAR,23,225
191,BEGUSARAI,10,BIHAR,20,222
192,BHAGALPUR,10,BIHAR,22,224
193,BHOJPUR,10,BIHAR,29,231
194,BUXAR,10,BIHAR,30,232
195,DARBHANGA,10,BIHAR,13,215
196,GAYA,10,BIHAR,35,236
197,GOPALGANJ,10,BIHAR,15,217
198,JAMUI,10,BIHAR,37,238
199,JEHANABAD,10,BIHAR,33,239
200,KAIMUR (BHABUA),10,BIHAR,31,233
201,KATIHAR,10,BIHAR,10,212
202,KHAGARIA,10,BIHAR,21,223
203,KISHANGANJ,10,BIHAR,08,210
204,LAKHISARAI,10,BIHAR,25,227
205,MADHEPURA,10,BIHAR,11,213
206,MADHUBANI,10,BIHAR,05,207
207,MUNGER,10,BIHAR,24,226
208,MUZAFFARPUR,10,BIHAR,14,216
209,NALANDA,10,BIHAR,27,229
210,NAWADA,10,BIHAR,36,237
211,PASHCHIM CHAMPARAN,10,BIHAR,01,203
212,PATNA,10,BIHAR,28,230
213,PURBI CHAMPARAN,10,BIHAR,02,204
214,PURNIA,10,BIHAR,09,211
215,ROHTAS,10,BIHAR,32,234
216,SAHARSA,10,BIHAR,12,214
217,SAMASTIPUR,10,BIHAR,19,221
218,SARAN,10,BIHAR,17,219
219,SHEIKHPURA,10,BIHAR,26,228
220,SHEOHAR,10,BIHAR,03,205
221,SITAMARHI,10,BIHAR,04,206
222,SIWAN,10,BIHAR,16,218
223,SUPAUL,10,BIHAR,06,208
224,VAISHALI,10,BIHAR,18,220
44,CHANDIGARH,4,CHANDIGARH,01,055
646,BALOD,22,CHHATTISGARH,,000
644,BALODA BAZAR,22,CHHATTISGARH,,000
649,BALRAMPUR,22,CHHATTISGARH,,000
374,BASTAR,22,CHHATTISGARH,15,414
650,BEMETARA,22,CHHATTISGARH,,000
636,BIJAPUR,22,CHHATTISGARH,16,417
375,BILASPUR,22,CHHATTISGARH,07,406
376,DANTEWADA,22,CHHATTISGARH,16,416
377,DHAMTARI,22,CHHATTISGARH,13,412
378,DURG,22,CHHATTISGARH,10,409
645,GARIYABAND,22,CHHATTISGARH,,645
734,Gaurella Pendra Marwahi,22,CHHATTISGARH,,000
379,JANJGIR-CHAMPA,22,CHHATTISGARH,06,405
380,JASHPUR,22,CHHATTISGARH,03,402
382,KABIRDHAM,22,CHHATTISGARH,08,407
381,KANKER,22,CHHATTISGARH,14,413
643,KONDAGAON,22,CHHATTISGARH,,000
383,KORBA,22,CHHATTISGARH,05,404
384,KOREA,22,CHHATTISGARH,01,400
385,MAHASAMUND,22,CHHATTISGARH,12,411
647,MUNGELI,22,CHHATTISGARH,,000
637,NARAYANPUR,22,CHHATTISGARH,,415
386,RAIGARH,22,CHHATTISGARH,04,403
387,RAIPUR,22,CHHATTISGARH,11,410
388,RAJNANDGAON,22,CHHATTISGARH,09,408
642,SUKMA,22,CHHATTISGARH,,000
648,SURAJPUR,22,CHHATTISGARH,,000
389,SURGUJA,22,CHHATTISGARH,02,401
77,CENTRAL,7,DELHI,06,095
78,EAST,7,DELHI,04,093
79,NEW DELHI,7,DELHI,05,094
80,NORTH,7,DELHI,02,091
81,NORTH EAST,7,DELHI,03,092
82,NORTH WEST,7,DELHI,01,090
671,SHAHDARA,7,DELHI,,000
83,SOUTH,7,DELHI,09,098
670,South East,7,DELHI,,000
84,SOUTH WEST,7,DELHI,08,097
85,WEST,7,DELHI,07,096
551,NORTH GOA,30,GOA,01,585
552,SOUTH GOA,30,GOA,02,586
438,AHMADABAD,24,GUJARAT,07,474
439,AMRELI,24,GUJARAT,13,480
440,ANAND,24,GUJARAT,15,482
672,ARVALLI,24,GUJARAT,,000
441,BANAS KANTHA,24,GUJARAT,02,469
442,BHARUCH,24,GUJARAT,21,488
443,BHAVNAGAR,24,GUJARAT,14,481
676,BOTAD,24,GUJARAT,,000
668,CHHOTAUDEPUR,24,GUJARAT,,000
444,DANG,24,GUJARAT,23,489
674,DEVBHUMI DWARKA,24,GUJARAT,,000
445,DOHAD,24,GUJARAT,18,485
446,GANDHINAGAR,24,GUJARAT,06,473
675,GIR SOMNATH,24,GUJARAT,,000
447,JAMNAGAR,24,GUJARAT,10,477
448,JUNAGADH,24,GUJARAT,12,479
449,KACHCHH,24,GUJARAT,01,468
450,KHEDA,24,GUJARAT,16,483
451,MAHESANA,24,GUJARAT,04,471
669,Mahisagar,24,GUJARAT,,000
673,MORBI,24,GUJARAT,,000
452,NARMADA,24,GUJARAT,20,487
453,NAVSARI,24,GUJARAT,24,490
454,PANCH MAHALS,24,GUJARAT,17,484
455,PATAN,24,GUJARAT,03,470
456,PORBANDAR,24,GUJARAT,11,478
457,RAJKOT,24,GUJARAT,09,476
458,SABAR KANTHA,24,GUJARAT,05,472
459,SURAT,24,GUJARAT,22,492
460,SURENDRANAGAR,24,GUJARAT,08,475
641,TAPI,24,GUJARAT,,493
461,VADODARA,24,GUJARAT,19,486
462,VALSAD,24,GUJARAT,25,491
58,AMBALA,6,HARYANA,02,070
59,BHIWANI,6,HARYANA,13,081
701,CHARKI DADRI,6,HARYANA,,000
60,FARIDABAD,6,HARYANA,19,088
61,FATEHABAD,6,HARYANA,10,078
62,GURUGRAM,6,HARYANA,18,086
63,HISAR,6,HARYANA,12,080
64,JHAJJAR,6,HARYANA,15,083
65,JIND,6,HARYANA,09,077
66,KAITHAL,6,HARYANA,05,073
67,KARNAL,6,HARYANA,06,074
68,KURUKSHETRA,6,HARYANA,04,072
69,MAHENDRAGARH,6,HARYANA,16,084
604,NUH,6,HARYANA,,087
619,PALWAL,6,HARYANA,,089
70,PANCHKULA,6,HARYANA,01,069
71,PANIPAT,6,HARYANA,07,075
72,REWARI,6,HARYANA,17,085
73,ROHTAK,6,HARYANA,14,082
74,SIRSA,6,HARYANA,11,079
75,SONIPAT,6,HARYANA,08,076
76,YAMUNANAGAR,6,HARYANA,03,071
15,BILASPUR,2,HIMACHAL PRADESH,08,030
16,CHAMBA,2,HIMACHAL PRADESH,01,023
17,HAMIRPUR,2,HIMACHAL PRADESH,06,028
18,KANGRA,2,HIMACHAL PRADESH,02,024
19,KINNAUR,2,HIMACHAL PRADESH,12,034
20,KULLU,2,HIMACHAL PRADESH,04,026
21,LAHUL AND SPITI,2,HIMACHAL PRADESH,03,025
22,MANDI,2,HIMACHAL PRADESH,05,027
23,SHIMLA,2,HIMACHAL PRADESH,11,033
24,SIRMAUR,2,HIMACHAL PRADESH,10,032
25,SOLAN,2,HIMACHAL PRADESH,09,031
26,UNA,2,HIMACHAL PRADESH,07,029
1,ANANTNAG,1,JAMMU AND KASHMIR,06,014
623,BANDIPORA,1,JAMMU AND KASHMIR,,009
3,BARAMULLA,1,JAMMU AND KASHMIR,02,008
2,Budgam,1,JAMMU AND KASHMIR,04,002
4,DODA,1,JAMMU AND KASHMIR,09,016
626,GANDERBAL,1,JAMMU AND KASHMIR,,011
5,JAMMU,1,JAMMU AND KASHMIR,13,021
7,KATHUA,1,JAMMU AND KASHMIR,14,007
620,KISHTWAR,1,JAMMU AND KASHMIR,09,018
622,KULGAM,1,JAMMU AND KASHMIR,,015
8,KUPWARA,1,JAMMU AND KASHMIR,01,001
10,POONCH,1,JAMMU AND KASHMIR,11,005
11,PULWAMA,1,JAMMU AND KASHMIR,05,012
12,RAJOURI,1,JAMMU AND KASHMIR,12,006
621,RAMBAN,1,JAMMU AND KASHMIR,09,017
627,REASI,1,JAMMU AND KASHMIR,,020
624,SAMBA,1,JAMMU AND KASHMIR,,022
625,SHOPIAN,1,JAMMU AND KASHMIR,,013
13,SRINAGAR,1,JAMMU AND KASHMIR,03,010
14,UDHAMPUR,1,JAMMU AND KASHMIR,10,019
322,BOKARO,20,JHARKHAND,13,355
323,CHATRA,20,JHARKHAND,03,347
324,DEOGHAR,20,JHARKHAND,07,350
325,DHANBAD,20,JHARKHAND,12,354
326,DUMKA,20,JHARKHAND,11,362
327,EAST SINGHBUM,20,JHARKHAND,18,357
328,GARHWA,20,JHARKHAND,01,346
329,GIRIDIH,20,JHARKHAND,06,349
330,GODDA,20,JHARKHAND,08,351
331,GUMLA,20,JHARKHAND,16,366
332,HAZARIBAGH,20,JHARKHAND,04,360
333,JAMTARA,20,JHARKHAND,20,363
606,KHUNTI,20,JHARKHAND,14,365
334,KODERMA,20,JHARKHAND,05,348
335,LATEHAR,20,JHARKHAND,02,359
336,LOHARDAGA,20,JHARKHAND,15,356
337,PAKUR,20,JHARKHAND,10,353
338,PALAMU,20,JHARKHAND,02,358
607,RAMGARH,20,JHARKHAND,04,361
339,RANCHI,20,JHARKHAND,14,364
340,SAHEBGANJ,20,JHARKHAND,09,352
341,SARAIKELA KHARSAWAN,20,JHARKHAND,17,369
342,SIMDEGA,20,JHARKHAND,21,367
343,WEST SINGHBHUM,20,JHARKHAND,17,368
524,BAGALKOTE,29,KARNATAKA,02,556
528,BALLARI,29,KARNATAKA,12,565
527,BELAGAVI,29,KARNATAKA,01,555
526,BENGALURU RURAL,29,KARNATAKA,21,583
525,BENGALURU URBAN,29,KARNATAKA,20,572
529,BIDAR,29,KARNATAKA,05,558
531,CHAMARAJANAGARA,29,KARNATAKA,27,578
630,CHIKKABALLAPURA,29,KARNATAKA,19,582
532,CHIKKAMAGALURU,29,KARNATAKA,17,570
533,CHITRADURGA,29,KARNATAKA,13,566
534,DAKSHINA KANNADA,29,KARNATAKA,24,575
535,DAVANGERE,29,KARNATAKA,14,567
536,DHARWAD,29,KARNATAKA,09,562
537,GADAG,29,KARNATAKA,08,561
539,HASSAN,29,KARNATAKA,23,574
540,HAVERI,29,KARNATAKA,11,564
538,KALABURAGI,29,KARNATAKA,04,579
541,KODAGU,29,KARNATAKA,25,576
542,KOLAR,29,KARNATAKA,19,581
543,KOPPAL,29,KARNATAKA,07,560
544,MANDYA,29,KARNATAKA,22,573
545,MYSURU,29,KARNATAKA,26,577
546,RAICHUR,29,KARNATAKA,06,559
631,RAMANAGARA,29,KARNATAKA,21,584
547,SHIVAMOGGA,29,KARNATAKA,15,568
548,TUMAKURU,29,KARNATAKA,18,571
549,UDUPI,29,KARNATAKA,16,569
550,UTTARA KANNADA,29,KARNATAKA,10,563
530,VIJAYAPURA,29,KARNATAKA,03,557
635,YADGIR,29,KARNATAKA,04,580
554,ALAPPUZHA,32,KERALA,11,598
555,ERNAKULAM,32,KERALA,08,595
556,IDUKKI,32,KERALA,09,596
557,KANNUR,32,KERALA,02,589
558,KASARAGOD,32,KERALA,01,588
559,KOLLAM,32,KERALA,13,600
560,KOTTAYAM,32,KERALA,10,597
561,KOZHIKODE,32,KERALA,04,591
562,MALAPPURAM,32,KERALA,05,592
563,PALAKKAD,32,KERALA,06,593
564,PATHANAMTHITTA,32,KERALA,12,599
565,THIRUVANANTHAPURAM,32,KERALA,14,601
566,THRISSUR,32,KERALA,07,594
567,WAYANAD,32,KERALA,03,590
6,KARGIL,37,LADAKH,08,004
9,LEH LADAKH,37,LADAKH,07,003
553,LAKSHADWEEP DISTRICT,31,LAKSHADWEEP,01,587
667,AGAR MALWA,23,MADHYA PRADESH,,000
639,ALIRAJPUR,23,MADHYA PRADESH,24,465
390,ANUPPUR,23,MADHYA PRADESH,16,461
391,ASHOKNAGAR,23,MADHYA PRADESH,46,459
392,BALAGHAT,23,MADHYA PRADESH,45,457
393,BARWANI,23,MADHYA PRADESH,28,441
394,BETUL,23,MADHYA PRADESH,35,447
395,BHIND,23,MADHYA PRADESH,03,420
396,BHOPAL,23,MADHYA PRADESH,32,444
397,BURHANPUR,23,MADHYA PRADESH,29,467
398,CHHATARPUR,23,MADHYA PRADESH,09,425
399,CHHINDWARA,23,MADHYA PRADESH,43,455
400,DAMOH,23,MADHYA PRADESH,12,428
401,DATIA,23,MADHYA PRADESH,05,422
402,DEWAS,23,MADHYA PRADESH,23,437
403,DHAR,23,MADHYA PRADESH,25,438
404,DINDORI,23,MADHYA PRADESH,41,453
405,EAST NIMAR,23,MADHYA PRADESH,29,466
406,GUNA,23,MADHYA PRADESH,07,458
407,GWALIOR,23,MADHYA PRADESH,04,421
408,HARDA,23,MADHYA PRADESH,36,448
409,HOSHANGABAD,23,MADHYA PRADESH,37,449
410,INDORE,23,MADHYA PRADESH,26,439
411,JABALPUR,23,MADHYA PRADESH,39,451
412,JHABUA,23,MADHYA PRADESH,24,464
413,KATNI,23,MADHYA PRADESH,38,450
414,KHARGONE,23,MADHYA PRADESH,27,440
415,MANDLA,23,MADHYA PRADESH,42,454
416,MANDSAUR,23,MADHYA PRADESH,19,433
417,MORENA,23,MADHYA PRADESH,02,419
418,NARSINGHPUR,23,MADHYA PRADESH,40,452
419,NEEMUCH,23,MADHYA PRADESH,18,432
722,Niwari,23,MADHYA PRADESH,,000
420,PANNA,23,MADHYA PRADESH,10,426
421,RAISEN,23,MADHYA PRADESH,34,446
422,RAJGARH,23,MADHYA PRADESH,30,442
423,RATLAM,23,MADHYA PRADESH,20,434
424,REWA,23,MADHYA PRADESH,14,430
425,SAGAR,23,MADHYA PRADESH,11,427
426,SATNA,23,MADHYA PRADESH,13,429
427,SEHORE,23,MADHYA PRADESH,33,445
428,SEONI,23,MADHYA PRADESH,44,456
429,SHAHDOL,23,MADHYA PRADESH,16,460
430,SHAJAPUR,23,MADHYA PRADESH,22,436
431,SHEOPUR,23,MADHYA PRADESH,01,418
432,SHIVPURI,23,MADHYA PRADESH,06,423
433,SIDHI,23,MADHYA PRADESH,17,462
638,SINGRAULI,23,MADHYA PRADESH,,463
434,TIKAMGARH,23,MADHYA PRADESH,08,424
435,UJJAIN,23,MADHYA PRADESH,21,435
436,UMARIA,23,MADHYA PRADESH,15,431
437,VIDISHA,23,MADHYA PRADESH,31,443
466,AHMEDNAGAR,27,MAHARASHTRA,26,522
467,AKOLA,27,MAHARASHTRA,05,501
468,AMRAVATI,27,MAHARASHTRA,07,503
469,AURANGABAD,27,MAHARASHTRA,19,515
470,BEED,27,MAHARASHTRA,27,523
471,BHANDARA,27,MAHARASHTRA,10,506
472,BULDHANA,27,MAHARASHTRA,04,500
473,CHANDRAPUR,27,MAHARASHTRA,13,509
474,DHULE,27,MAHARASHTRA,02,498
475,GADCHIROLI,27,MAHARASHTRA,12,508
476,GONDIA,27,MAHARASHTRA,11,507
477,HINGOLI,27,MAHARASHTRA,16,512
478,JALGAON,27,MAHARASHTRA,03,499
479,JALNA,27,MAHARASHTRA,18,514
480,KOLHAPUR,27,MAHARASHTRA,34,530
481,LATUR,27,MAHARASHTRA,28,524
482,MUMBAI,27,MAHARASHTRA,23,519
483,MUMBAI SUBURBAN,27,MAHARASHTRA,22,518
484,NAGPUR,27,MAHARASHTRA,09,505
485,NANDED,27,MAHARASHTRA,15,511
486,NANDURBAR,27,MAHARASHTRA,01,497
487,NASHIK,27,MAHARASHTRA,20,516
488,OSMANABAD,27,MAHARASHTRA,29,525
665,PALGHAR,27,MAHARASHTRA,,000
489,PARBHANI,27,MAHARASHTRA,17,513
490,PUNE,27,MAHARASHTRA,25,521
491,RAIGAD,27,MAHARASHTRA,24,520
492,RATNAGIRI,27,MAHARASHTRA,32,528
493,SANGLI,27,MAHARASHTRA,35,531
494,SATARA,27,MAHARASHTRA,31,527
495,SINDHUDURG,27,MAHARASHTRA,33,529
496,SOLAPUR,27,MAHARASHTRA,30,526
497,THANE,27,MAHARASHTRA,21,517
498,WARDHA,27,MAHARASHTRA,08,504
499,WASHIM,27,MAHARASHTRA,06,502
500,YAVATMAL,27,MAHARASHTRA,14,510
252,BISHNUPUR,14,MANIPUR,04,275
253,CHANDEL,14,MANIPUR,09,280
254,CHURACHANDPUR,14,MANIPUR,03,274
255,IMPHAL EAST,14,MANIPUR,07,278
256,IMPHAL WEST,14,MANIPUR,06,277
713,JIRIBAM,14,MANIPUR,,000
711,KAKCHING,14,MANIPUR,,000
717,KAMJONG,14,MANIPUR,,000
712,KANGPOKPI,14,MANIPUR,,000
714,NONEY,14,MANIPUR,,000
715,PHERZAWL,14,MANIPUR,,000
257,SENAPATI,14,MANIPUR,01,272
258,TAMENGLONG,14,MANIPUR,02,273
716,TENGNOUPAL,14,MANIPUR,,000
259,THOUBAL,14,MANIPUR,05,276
260,UKHRUL,14,MANIPUR,08,279
273,EAST GARO HILLS,17,MEGHALAYA,02,294
657,EAST JAINTIA HILLS,17,MEGHALAYA,,000
274,EAST KHASI HILLS,17,MEGHALAYA,06,298
656,NORTH GARO HILLS,17,MEGHALAYA,,000
276,RI BHOI,17,MEGHALAYA,05,297
277,SOUTH GARO HILLS,17,MEGHALAYA,03,295
663,SOUTH WEST GARO HILLS,17,MEGHALAYA,,000
658,SOUTH WEST KHASI HILLS,17,MEGHALAYA,,000
278,WEST GARO HILLS,17,MEGHALAYA,01,293
275,WEST JAINTIA HILLS,17,MEGHALAYA,07,299
279,WEST KHASI HILLS,17,MEGHALAYA,04,296
261,AIZAWL,15,MIZORAM,03,283
262,CHAMPHAI,15,MIZORAM,04,284
726,Hnahthial,15,MIZORAM,,000
728,KHAWZAWL,15,MIZORAM,,000
263,KOLASIB,15,MIZORAM,02,282
264,LAWNGTLAI,15,MIZORAM,07,287
265,LUNGLEI,15,MIZORAM,06,286
266,MAMIT,15,MIZORAM,01,281
267,SAIHA,15,MIZORAM,08,288
727,SAITUAL,15,MIZORAM,,000
268,SERCHHIP,15,MIZORAM,05,285
244,DIMAPUR,13,NAGALAND,06,265
614,KIPHIRE,13,NAGALAND,02,269
245,KOHIMA,13,NAGALAND,07,270
615,LONGLENG,13,NAGALAND,02,268
246,MOKOKCHUNG,13,NAGALAND,03,262
247,MON,13,NAGALAND,01,261
736,Noklak,13,NAGALAND,,000
613,PEREN,13,NAGALAND,07,271
248,PHEK,13,NAGALAND,08,266
249,TUENSANG,13,NAGALAND,02,267
250,WOKHA,13,NAGALAND,05,264
251,ZUNHEBOTO,13,NAGALAND,04,263
344,ANUGUL,21,ODISHA,15,384
345,BALANGIR,21,ODISHA,24,393
346,BALESHWAR,21,ODISHA,08,377
347,BARGARH,21,ODISHA,01,370
348,BHADRAK,21,ODISHA,09,378
349,BOUDH,21,ODISHA,22,391
350,CUTTACK,21,ODISHA,12,381
351,DEOGARH,21,ODISHA,04,373
352,DHENKANAL,21,ODISHA,14,383
353,GAJAPATI,21,ODISHA,20,389
354,GANJAM,21,ODISHA,19,388
355,JAGATSINGHAPUR,21,ODISHA,11,380
356,JAJAPUR,21,ODISHA,13,382
357,JHARSUGUDA,21,ODISHA,02,371
358,KALAHANDI,21,ODISHA,26,395
359,KANDHAMAL,21,ODISHA,21,390
360,KENDRAPARA,21,ODISHA,10,379
361,KENDUJHAR,21,ODISHA,06,375
362,KHORDHA,21,ODISHA,17,386
363,KORAPUT,21,ODISHA,29,398
364,MALKANGIRI,21,ODISHA,30,399
365,MAYURBHANJ,21,ODISHA,07,376
366,NABARANGPUR,21,ODISHA,28,397
367,NAYAGARH,21,ODISHA,16,385
368,NUAPADA,21,ODISHA,25,394
369,PURI,21,ODISHA,18,387
370,RAYAGADA,21,ODISHA,27,396
371,SAMBALPUR,21,ODISHA,03,372
372,SONEPUR,21,ODISHA,23,392
373,SUNDARGARH,21,ODISHA,05,374
598,KARAIKAL,34,PUDUCHERRY,04,637
599,MAHE,34,PUDUCHERRY,03,636
600,PONDICHERRY,34,PUDUCHERRY,02,635
601,YANAM,34,PUDUCHERRY,01,634
27,AMRITSAR,3,PUNJAB,02,049
605,BARNALA,3,PUNJAB,,054
28,BATHINDA,3,PUNJAB,14,046
29,FARIDKOT,3,PUNJAB,13,045
30,FATEHGARH SAHIB,3,PUNJAB,08,040
651,FAZILKA,3,PUNJAB,,000
31,FIROZEPUR,3,PUNJAB,11,043
32,GURDASPUR,3,PUNJAB,01,035
33,HOSHIARPUR,3,PUNJAB,05,038
34,JALANDHAR,3,PUNJAB,04,037
35,KAPURTHALA,3,PUNJAB,03,036
36,LUDHIANA,3,PUNJAB,09,041
37,MANSA,3,PUNJAB,15,047
38,MOGA,3,PUNJAB,10,042
662,PATHANKOT,3,PUNJAB,,000
41,PATIALA,3,PUNJAB,17,048
42,RUPNAGAR,3,PUNJAB,07,051
43,SANGRUR,3,PUNJAB,16,053
608,S.A.S Nagar,3,PUNJAB,,052
40,Shahid Bhagat Singh Nagar,3,PUNJAB,06,039
39,SRI MUKTSAR SAHIB,3,PUNJAB,12,044
609,Tarn Taran,3,PUNJAB,,050
86,AJMER,8,RAJASTHAN,21,119
87,ALWAR,8,RAJASTHAN,06,104
88,BANSWARA,8,RAJASTHAN,28,125
89,BARAN,8,RAJASTHAN,31,128
90,BARMER,8,RAJASTHAN,17,115
91,BHARATPUR,8,RAJASTHAN,07,105
92,BHILWARA,8,RAJASTHAN,24,122
93,BIKANER,8,RAJASTHAN,03,101
94,BUNDI,8,RAJASTHAN,23,121
95,CHITTORGARH,8,RAJASTHAN,29,126
96,CHURU,8,RAJASTHAN,04,102
97,DAUSA,8,RAJASTHAN,11,109
98,DHOLPUR,8,RAJASTHAN,08,106
99,DUNGARPUR,8,RAJASTHAN,27,124
100,GANGANAGAR,8,RAJASTHAN,01,099
101,HANUMANGARH,8,RAJASTHAN,02,100
102,JAIPUR,8,RAJASTHAN,12,110
103,JAISALMER,8,RAJASTHAN,16,114
104,JALORE,8,RAJASTHAN,18,116
105,JHALAWAR,8,RAJASTHAN,32,129
106,JHUNJHUNU,8,RAJASTHAN,05,103
107,JODHPUR,8,RAJASTHAN,15,113
108,KARAULI,8,RAJASTHAN,09,107
109,KOTA,8,RAJASTHAN,30,127
110,NAGAUR,8,RAJASTHAN,14,112
111,PALI,8,RAJASTHAN,20,118
629,PRATAPGARH,8,RAJASTHAN,,131
112,RAJSAMAND,8,RAJASTHAN,25,123
113,SAWAI MADHOPUR,8,RAJASTHAN,10,108
114,SIKAR,8,RAJASTHAN,13,111
115,SIROHI,8,RAJASTHAN,19,117
116,TONK,8,RAJASTHAN,22,120
117,UDAIPUR,8,RAJASTHAN,26,130
225,EAST DISTRICT,11,SIKKIM,04,244
226,NORTH DISTRICT,11,SIKKIM,01,241
227,SOUTH DISTRICT,11,SIKKIM,03,243
228,WEST DISTRICT,11,SIKKIM,02,242
610,Ariyalur,33,TAMIL NADU,17,616
730,CHENGALPATTU,33,TAMIL NADU,,000
568,CHENNAI,33,TAMIL NADU,02,603
569,COIMBATORE,33,TAMIL NADU,12,632
570,CUDDALORE,33,TAMIL NADU,18,617
571,DHARMAPURI,33,TAMIL NADU,05,630
572,DINDIGUL,33,TAMIL NADU,13,612
573,ERODE,33,TAMIL NADU,10,610
729,KALLAKURICHI,33,TAMIL NADU,,000
574,KANCHIPURAM,33,TAMIL NADU,03,604
575,KANNIYAKUMARI,33,TAMIL NADU,30,629
576,KARUR,33,TAMIL NADU,14,613
577,KRISHNAGIRI,33,TAMIL NADU,05,631
578,MADURAI,33,TAMIL NADU,24,623
735,Mayiladuthurai,33,TAMIL NADU,,000
579,NAGAPATTINAM,33,TAMIL NADU,19,618
580,NAMAKKAL,33,TAMIL NADU,09,609
581,PERAMBALUR,33,TAMIL NADU,16,615
582,PUDUKKOTTAI,33,TAMIL NADU,22,621
583,RAMANATHAPURAM,33,TAMIL NADU,27,626
731,Ranipet,33,TAMIL NADU,,000
584,SALEM,33,TAMIL NADU,08,608
585,SIVAGANGA,33,TAMIL NADU,23,622
733,TENKASI,33,TAMIL NADU,,000
586,THANJAVUR,33,TAMIL NADU,21,620
588,THENI,33,TAMIL NADU,25,624
587,THE NILGIRIS,33,TAMIL NADU,11,611
589,THIRUVALLUR,33,TAMIL NADU,01,602
590,THIRUVARUR,33,TAMIL NADU,20,619
591,TIRUCHIRAPPALLI,33,TAMIL NADU,15,614
592,TIRUNELVELI,33,TAMIL NADU,29,628
732,Tirupathur,33,TAMIL NADU,,000
634,TIRUPPUR,33,TAMIL NADU,,633
593,TIRUVANNAMALAI,33,TAMIL NADU,06,606
594,TUTICORIN,33,TAMIL NADU,28,627
595,VELLORE,33,TAMIL NADU,04,605
596,VILLUPURAM,33,TAMIL NADU,07,607
597,VIRUDHUNAGAR,33,TAMIL NADU,26,625
501,ADILABAD,36,TELANGANA,01,532
690,BHADRADRI KOTHAGUDEM,36,TELANGANA,,000
507,HYDERABAD,36,TELANGANA,05,536
681,Jagitial,36,TELANGANA,,000
689,JANGOAN,36,TELANGANA,,000
687,JAYASHANKAR BHUPALAPALLY,36,TELANGANA,,000
695,JOGULAMBA GADWAL,36,TELANGANA,,000
685,KAMAREDDY,36,TELANGANA,,000
508,KARIMNAGAR,36,TELANGANA,03,534
509,KHAMMAM,36,TELANGANA,10,541
699,KUMURAM BHEEM ASIFABAD,36,TELANGANA,,000
688,MAHABUBABAD,36,TELANGANA,,000
512,MAHABUBNAGAR,36,TELANGANA,07,538
684,MANCHERIAL,36,TELANGANA,,000
513,MEDAK,36,TELANGANA,04,535
700,MEDCHAL MALKAJGIRI,36,TELANGANA,,000
720,Mulugu,36,TELANGANA,,000
694,NAGARKURNOOL,36,TELANGANA,,000
514,NALGONDA,36,TELANGANA,08,539
721,Narayanpet,36,TELANGANA,,000
680,Nirmal,36,TELANGANA,,000
516,NIZAMABAD,36,TELANGANA,02,533
682,PEDDAPALLI,36,TELANGANA,,000
683,RAJANNA SIRCILLA,36,TELANGANA,,000
518,RANGA REDDY,36,TELANGANA,06,537
691,SANGAREDDY,36,TELANGANA,,000
692,SIDDIPET,36,TELANGANA,,000
696,SURYAPET,36,TELANGANA,,000
698,VIKARABAD,36,TELANGANA,,000
693,WANAPARTHY,36,TELANGANA,,000
522,WARANGAL RURAL,36,TELANGANA,09,540
686,WARANGAL URBAN,36,TELANGANA,,000
697,YADADRI BHUVANAGIRI,36,TELANGANA,,000
465,DADRA AND NAGAR HAVELI,38,THE DADRA AND NAGAR HAVELI AND DAMAN AND DIU,01,496
463,DAMAN,38,THE DADRA AND NAGAR HAVELI AND DAMAN AND DIU,02,495
464,DIU,38,THE DADRA AND NAGAR HAVELI AND DAMAN AND DIU,01,494
269,Dhalai,16,TRIPURA,03,291
654,Gomati,16,TRIPURA,,000
652,Khowai,16,TRIPURA,,000
270,North Tripura,16,TRIPURA,04,292
653,Sepahijala,16,TRIPURA,,000
271,South Tripura,16,TRIPURA,02,290
655,Unakoti,16,TRIPURA,,000
272,West Tripura,16,TRIPURA,01,289
45,ALMORA,5,UTTARAKHAND,09,064
46,BAGESHWAR,5,UTTARAKHAND,08,063
47,CHAMOLI,5,UTTARAKHAND,02,057
48,CHAMPAWAT,5,UTTARAKHAND,10,065
49,DEHRADUN,5,UTTARAKHAND,05,060
50,HARIDWAR,5,UTTARAKHAND,13,068
51,NAINITAL,5,UTTARAKHAND,11,066
52,PAURI GARHWAL,5,UTTARAKHAND,06,061
53,PITHORAGARH,5,UTTARAKHAND,07,062
54,RUDRA PRAYAG,5,UTTARAKHAND,03,058
55,TEHRI GARHWAL,5,UTTARAKHAND,04,059
56,UDAM SINGH NAGAR,5,UTTARAKHAND,12,067
57,UTTAR KASHI,5,UTTARAKHAND,01,056
118,AGRA,9,UTTAR PRADESH,15,146
119,ALIGARH,9,UTTAR PRADESH,12,143
121,AMBEDKAR NAGAR,9,UTTAR PRADESH,48,178
640,Amethi,9,UTTAR PRADESH,,000
154,AMROHA,9,UTTAR PRADESH,06,137
122,AURAIYA,9,UTTAR PRADESH,32,162
140,AYODHYA,9,UTTAR PRADESH,47,177
123,AZAMGARH,9,UTTAR PRADESH,61,191
124,BAGHPAT,9,UTTAR PRADESH,08,139
125,BAHRAICH,9,UTTAR PRADESH,50,180
126,BALLIA,9,UTTAR PRADESH,63,193
127,BALRAMPUR,9,UTTAR PRADESH,52,182
128,BANDA,9,UTTAR PRADESH,40,170
129,BARABANKI,9,UTTAR PRADESH,46,176
130,BAREILLY,9,UTTAR PRADESH,20,150
131,BASTI,9,UTTAR PRADESH,55,185
179,BHADOHI,9,UTTAR PRADESH,68,198
132,BIJNOR,9,UTTAR PRADESH,03,134
133,BUDAUN,9,UTTAR PRADESH,19,149
134,BULANDSHAHR,9,UTTAR PRADESH,11,142
135,CHANDAULI,9,UTTAR PRADESH,66,196
136,CHITRAKOOT,9,UTTAR PRADESH,41,171
137,DEORIA,9,UTTAR PRADESH,60,190
138,ETAH,9,UTTAR PRADESH,17,201
139,ETAWAH,9,UTTAR PRADESH,31,161
141,FARRUKHABAD,9,UTTAR PRADESH,29,159
142,FATEHPUR,9,UTTAR PRADESH,42,172
143,FIROZABAD,9,UTTAR PRADESH,16,147
144,GAUTAM BUDDHA NAGAR,9,UTTAR PRADESH,10,141
145,GHAZIABAD,9,UTTAR PRADESH,09,140
146,GHAZIPUR,9,UTTAR PRADESH,65,195
147,GONDA,9,UTTAR PRADESH,53,183
148,GORAKHPUR,9,UTTAR PRADESH,58,188
149,HAMIRPUR,9,UTTAR PRADESH,38,168
661,HAPUR,9,UTTAR PRADESH,,000
150,HARDOI,9,UTTAR PRADESH,25,155
163,HATHRAS,9,UTTAR PRADESH,13,144
151,JALAUN,9,UTTAR PRADESH,35,165
152,JAUNPUR,9,UTTAR PRADESH,64,194
153,JHANSI,9,UTTAR PRADESH,36,166
155,KANNAUJ,9,UTTAR PRADESH,30,160
156,KANPUR DEHAT,9,UTTAR PRADESH,33,163
157,KANPUR NAGAR,9,UTTAR PRADESH,34,164
633,Kasganj,9,UTTAR PRADESH,,202
158,KAUSHAMBI,9,UTTAR PRADESH,44,174
159,KHERI,9,UTTAR PRADESH,23,153
160,KUSHI NAGAR,9,UTTAR PRADESH,59,189
161,LALITPUR,9,UTTAR PRADESH,37,167
162,LUCKNOW,9,UTTAR PRADESH,27,157
164,MAHARAJGANJ,9,UTTAR PRADESH,57,187
165,MAHOBA,9,UTTAR PRADESH,39,169
166,MAINPURI,9,UTTAR PRADESH,18,148
167,MATHURA,9,UTTAR PRADESH,14,145
168,MAU,9,UTTAR PRADESH,62,192
169,MEERUT,9,UTTAR PRADESH,07,138
170,MIRZAPUR,9,UTTAR PRADESH,69,199
171,MORADABAD,9,UTTAR PRADESH,04,135
172,MUZAFFARNAGAR,9,UTTAR PRADESH,02,133
173,PILIBHIT,9,UTTAR PRADESH,21,151
174,PRATAPGARH,9,UTTAR PRADESH,43,173
120,PRAYAGRAJ,9,UTTAR PRADESH,45,175
175,RAE BARELI,9,UTTAR PRADESH,28,158
176,RAMPUR,9,UTTAR PRADESH,05,136
177,SAHARANPUR,9,UTTAR PRADESH,01,132
659,SAMBHAL,9,UTTAR PRADESH,,000
178,SANT KABEER NAGAR,9,UTTAR PRADESH,56,186
180,SHAHJAHANPUR,9,UTTAR PRADESH,22,152
660,SHAMLI,9,UTTAR PRADESH,,000
181,SHRAVASTI,9,UTTAR PRADESH,51,181
182,SIDDHARTH NAGAR,9,UTTAR PRADESH,54,184
183,SITAPUR,9,UTTAR PRADESH,24,154
184,SONBHADRA,9,UTTAR PRADESH,70,200
185,SULTANPUR,9,UTTAR PRADESH,49,179
186,UNNAO,9,UTTAR PRADESH,26,156
187,VARANASI,9,UTTAR PRADESH,67,197
303,24 PARAGANAS NORTH,19,WEST BENGAL,11,337
304,24 PARAGANAS SOUTH,19,WEST BENGAL,18,343
664,Alipurduar,19,WEST BENGAL,,000
305,BANKURA,19,WEST BENGAL,13,339
307,BIRBHUM,19,WEST BENGAL,08,334
308,COOCHBEHAR,19,WEST BENGAL,03,329
309,DARJEELING,19,WEST BENGAL,01,327
310,DINAJPUR DAKSHIN,19,WEST BENGAL,05,331
311,DINAJPUR UTTAR,19,WEST BENGAL,04,330
312,HOOGHLY,19,WEST BENGAL,12,338
313,HOWRAH,19,WEST BENGAL,16,341
314,JALPAIGURI,19,WEST BENGAL,02,328
703,Jhargram,19,WEST BENGAL,,000
702,KALIMPONG,19,WEST BENGAL,,000
315,KOLKATA,19,WEST BENGAL,17,342
316,MALDAH,19,WEST BENGAL,06,332
317,MEDINIPUR EAST,19,WEST BENGAL,15,345
318,MEDINIPUR WEST,19,WEST BENGAL,15,344
319,MURSHIDABAD,19,WEST BENGAL,07,333
320,NADIA,19,WEST BENGAL,10,336
704,PASCHIM BARDHAMAN,19,WEST BENGAL,,000
306,PURBA BARDHAMAN,19,WEST BENGAL,09,335
321,PURULIA,19,WEST BENGAL,14,340
